{"stats":{"minecraft:broken":{"minecraft:iron_boots":1,"minecraft:iron_chestplate":1,"minecraft:iron_leggings":1,"minecraft:golden_leggings":1,"minecraft:leather_helmet":1,"minecraft:golden_axe":1,"minecraft:iron_helmet":1},"minecraft:mined":{"minecraft:blue_carpet":6,"minecraft:spruce_planks":4,"minecraft:white_bed":7,"minecraft:farmland":40,"minecraft:sculk_vein":9,"minecraft:cherry_log":55,"minecraft:cobblestone_stairs":7,"minecraft:obsidian":1,"minecraft:granite":1,"minecraft:red_sand":1,"minecraft:grass_block":92,"minecraft:yellow_carpet":1,"minecraft:deepslate_tile_stairs":1,"minecraft:composter":1,"minecraft:crimson_fungus":1,"minecraft:oxeye_daisy":11,"minecraft:weeping_vines_plant":1,"minecraft:magma_block":4,"minecraft:glowstone":14,"minecraft:cobbled_deepslate":2,"minecraft:iron_ore":86,"minecraft:pumpkin":31,"minecraft:azure_bluet":9,"minecraft:pointed_dripstone":16,"minecraft:red_tulip":20,"minecraft:dirt_path":21,"minecraft:pink_tulip":1,"minecraft:spruce_slab":2,"minecraft:deepslate_redstone_ore":6,"minecraft:crimson_nylium":3,"minecraft:soul_lantern":1,"minecraft:torch":2,"minecraft:poppy":14,"minecraft:chest":7,"minecraft:glass":2,"minecraft:nether_quartz_ore":15,"minecraft:cobblestone":24,"minecraft:sugar_cane":17,"minecraft:grindstone":1,"minecraft:oak_planks":2,"minecraft:bricks":8,"minecraft:wall_torch":4,"minecraft:pink_petals":206,"minecraft:seagrass":1,"minecraft:mud":1,"minecraft:nether_wart_block":2,"minecraft:wheat":136,"minecraft:warped_fungus":3,"minecraft:orange_tulip":35,"minecraft:oak_log":32,"minecraft:sand":19,"minecraft:dirt":105,"minecraft:mangrove_log":1,"minecraft:netherrack":26,"minecraft:oak_leaves":45,"minecraft:deepslate":56,"minecraft:redstone_lamp":1,"minecraft:deepslate_tiles":2,"minecraft:nether_gold_ore":18,"minecraft:tuff":5,"minecraft:crying_obsidian":1,"minecraft:red_carpet":3,"minecraft:mossy_cobblestone":9,"minecraft:deepslate_diamond_ore":5,"minecraft:cherry_sapling":1,"minecraft:mangrove_roots":3,"minecraft:glow_lichen":2,"minecraft:spruce_fence":2,"minecraft:crimson_roots":7,"minecraft:spruce_leaves":9,"minecraft:mangrove_propagule":1,"minecraft:crimson_stem":1,"minecraft:redstone_ore":1,"minecraft:furnace":2,"minecraft:carrots":131,"minecraft:snow":27,"minecraft:andesite":4,"minecraft:stripped_spruce_log":1,"minecraft:peony":31,"minecraft:gold_block":1,"minecraft:vine":3,"minecraft:deepslate_iron_ore":12,"minecraft:shroomlight":1,"minecraft:lantern":6,"minecraft:packed_ice":9,"minecraft:stone":179,"minecraft:white_tulip":11,"minecraft:infested_stone_bricks":1,"minecraft:spruce_door":2,"minecraft:dandelion":39,"minecraft:oak_fence":4,"minecraft:cornflower":1,"minecraft:short_grass":280,"minecraft:rose_bush":56,"minecraft:tall_grass":7,"minecraft:copper_ore":28,"minecraft:deepslate_gold_ore":4,"minecraft:lily_pad":2,"minecraft:sculk":16,"minecraft:diorite":3,"minecraft:blue_bed":8,"minecraft:cobblestone_wall":6,"minecraft:sea_pickle":2,"minecraft:ice":2,"minecraft:spruce_log":34,"minecraft:bee_nest":1,"minecraft:yellow_bed":2,"minecraft:coal_ore":285,"minecraft:sunflower":26,"minecraft:gravel":11,"minecraft:dripstone_block":18,"minecraft:gold_ore":1},"minecraft:killed_by":{"minecraft:zombie_villager":1,"minecraft:creeper":8,"minecraft:piglin":1,"minecraft:zombie":10,"minecraft:player":8,"minecraft:wolf":1,"minecraft:stray":1,"minecraft:spider":2,"minecraft:bee":1,"minecraft:warden":4,"minecraft:hoglin":1,"minecraft:skeleton":5},"minecraft:custom":{"minecraft:animals_bred":11,"minecraft:interact_with_crafting_table":9,"minecraft:bell_ring":282,"minecraft:eat_cake_slice":3,"minecraft:leave_game":9,"minecraft:time_since_death":6334,"minecraft:sprint_one_cm":269591,"minecraft:damage_blocked_by_shield":1290,"minecraft:drop":184,"minecraft:play_time":723483,"minecraft:deaths":59,"minecraft:jump":5355,"minecraft:walk_on_water_one_cm":172478,"minecraft:interact_with_furnace":6,"minecraft:sleep_in_bed":32,"minecraft:damage_dealt":5870,"minecraft:player_kills":1,"minecraft:crouch_one_cm":38383,"minecraft:horse_one_cm":11208,"minecraft:mob_kills":29,"minecraft:climb_one_cm":4802,"minecraft:walk_one_cm":2882378,"minecraft:sneak_time":7972,"minecraft:walk_under_water_one_cm":149942,"minecraft:boat_one_cm":247243,"minecraft:interact_with_blast_furnace":4,"minecraft:total_world_time":723483,"minecraft:time_since_rest":6387,"minecraft:damage_taken":17383,"minecraft:swim_one_cm":140838,"minecraft:fly_one_cm":67933,"minecraft:open_chest":68,"minecraft:fall_one_cm":103952},"minecraft:used":{"minecraft:cherry_sapling":3,"minecraft:iron_shovel":102,"minecraft:spruce_slab":1,"minecraft:chest":1,"minecraft:shield":38,"minecraft:iron_sword":171,"minecraft:rotten_flesh":5,"minecraft:carrot":137,"minecraft:azure_bluet":9,"minecraft:spruce_boat":1,"minecraft:glass":5,"minecraft:bricks":5,"minecraft:magma_block":4,"minecraft:furnace":1,"minecraft:egg":116,"minecraft:stone_pickaxe":92,"minecraft:oak_planks":1,"minecraft:orange_tulip":32,"minecraft:wooden_pickaxe":18,"minecraft:composter":1,"minecraft:blue_bed":7,"minecraft:blast_furnace":1,"minecraft:bread":5,"minecraft:gravel":2,"minecraft:grindstone":1,"minecraft:birch_log":2,"minecraft:rose_bush":40,"minecraft:stone_sword":53,"minecraft:white_tulip":11,"minecraft:stone_shovel":28,"minecraft:stone_hoe":172,"minecraft:dirt":87,"minecraft:spyglass":24,"minecraft:yellow_carpet":1,"minecraft:iron_axe":373,"minecraft:cooked_beef":4,"minecraft:cobbled_deepslate":8,"minecraft:golden_axe":14,"minecraft:pointed_dripstone":13,"minecraft:wheat_seeds":145,"minecraft:cobblestone_stairs":3,"minecraft:baked_potato":4,"minecraft:mossy_cobblestone":2,"minecraft:crafting_table":1,"minecraft:white_bed":5,"minecraft:smoker":1,"minecraft:spruce_log":3,"minecraft:diamond_pickaxe":612,"minecraft:iron_pickaxe":652,"minecraft:stone_axe":51,"minecraft:pink_petals":526,"minecraft:cobblestone":64,"minecraft:yellow_bed":1,"minecraft:dandelion":15},"minecraft:crafted":{"minecraft:glass":12,"minecraft:glass_bottle":3,"minecraft:crafting_table":1,"minecraft:spruce_planks":72,"minecraft:wooden_pickaxe":1,"minecraft:stick":4,"minecraft:iron_pickaxe":1,"minecraft:gold_ingot":5,"minecraft:cooked_beef":6},"minecraft:dropped":{"minecraft:iron_sword":1,"minecraft:glass_bottle":3,"minecraft:lantern":1,"minecraft:dirt":300,"minecraft:cornflower":2,"minecraft:mutton":1,"minecraft:snowball":35,"minecraft:sunflower":21,"minecraft:sand":19,"minecraft:iron_pickaxe":2,"minecraft:gravel":13,"minecraft:sugar_cane":38,"minecraft:mangrove_roots":3,"minecraft:obsidian":3,"minecraft:rotten_flesh":11,"minecraft:white_bed":4,"minecraft:carrot":2,"minecraft:salmon":6,"minecraft:poppy":13,"minecraft:chest":2,"minecraft:spruce_slab":2,"minecraft:arrow":1,"minecraft:cherry_fence":3,"minecraft:netherrack":6,"minecraft:egg":16,"minecraft:bread":92,"minecraft:stripped_spruce_log":2,"minecraft:wheat_seeds":60,"minecraft:cherry_log":56,"minecraft:dripstone_block":3,"minecraft:mangrove_propagule":2,"minecraft:cobblestone":178,"minecraft:granite":4,"minecraft:coal":115,"minecraft:rose_bush":14,"minecraft:armadillo_scute":4,"minecraft:mud":1,"minecraft:iron_shovel":1,"minecraft:pink_petals":5,"minecraft:lily_pad":2,"minecraft:spruce_sapling":9,"minecraft:dandelion":14,"minecraft:snow_block":3,"minecraft:stone_sword":1,"minecraft:raw_iron":104,"minecraft:smoker":1,"minecraft:spruce_fence":4,"minecraft:diamond_pickaxe":1,"minecraft:andesite":1,"minecraft:spider_eye":1,"minecraft:spruce_log":11,"minecraft:red_sand":1,"minecraft:wooden_pickaxe":1,"minecraft:magma_block":4},"minecraft:picked_up":{"minecraft:iron_chestplate":2,"minecraft:wheat":126,"minecraft:oak_stairs":7,"minecraft:string":4,"minecraft:raw_copper":149,"minecraft:iron_leggings":3,"minecraft:shroomlight":1,"minecraft:sea_pickle":5,"minecraft:deepslate_tiles":2,"minecraft:cobbled_deepslate":61,"minecraft:red_sand":1,"minecraft:gold_nugget":60,"minecraft:smooth_stone":8,"minecraft:spruce_planks":8,"minecraft:white_tulip":11,"minecraft:redstone_torch":2,"minecraft:rose_bush":71,"minecraft:iron_pickaxe":3,"minecraft:iron_boots":1,"minecraft:furnace":5,"minecraft:stick":6,"minecraft:composter":1,"minecraft:oak_fence":4,"minecraft:torch":22,"minecraft:porkchop":1,"minecraft:snow_block":3,"minecraft:golden_axe":1,"minecraft:cherry_log":56,"minecraft:pointed_dripstone":16,"minecraft:diorite":4,"minecraft:stone_sword":3,"minecraft:rotten_flesh":23,"minecraft:red_tulip":18,"minecraft:armadillo_scute":6,"minecraft:mangrove_roots":3,"minecraft:obsidian":3,"minecraft:iron_bars":3,"minecraft:snowball":82,"minecraft:cobblestone":306,"minecraft:birch_log":2,"minecraft:pink_petals":591,"minecraft:magma_block":8,"minecraft:feather":4,"minecraft:andesite":1,"minecraft:golden_leggings":1,"minecraft:smoker":1,"minecraft:potato":16,"minecraft:cherry_fence":5,"minecraft:lantern":13,"minecraft:dirt":458,"minecraft:leather_boots":1,"minecraft:bone":4,"minecraft:bow":1,"minecraft:orange_tulip":32,"minecraft:wheat_seeds":456,"minecraft:raw_gold":5,"minecraft:grindstone":1,"minecraft:fletching_table":2,"minecraft:glowstone_dust":42,"minecraft:oak_planks":2,"minecraft:stone_hoe":1,"minecraft:sand":34,"minecraft:stripped_spruce_log":4,"minecraft:mossy_cobblestone":6,"minecraft:yellow_carpet":4,"minecraft:diamond":5,"minecraft:spruce_boat":2,"minecraft:soul_lantern":2,"minecraft:granite":5,"minecraft:bone_meal":1,"minecraft:bread":103,"minecraft:emerald":6,"minecraft:oak_sapling":2,"minecraft:netherrack":25,"minecraft:bricks":8,"minecraft:crimson_roots":7,"minecraft:diamond_pickaxe":2,"minecraft:mud":1,"minecraft:crafting_table":3,"minecraft:azure_bluet":9,"minecraft:splash_potion":1,"minecraft:chicken":7,"minecraft:shield":3,"minecraft:cornflower":2,"minecraft:iron_axe":1,"minecraft:white_carpet":2,"minecraft:iron_shovel":1,"minecraft:beef":2,"minecraft:poppy":13,"minecraft:spruce_slab":3,"minecraft:sugar_cane":68,"minecraft:chest":10,"minecraft:egg":221,"minecraft:raw_iron":175,"minecraft:spruce_fence":7,"minecraft:carrot":441,"minecraft:redstone":27,"minecraft:blue_carpet":8,"minecraft:arrow":25,"minecraft:stone_shovel":2,"minecraft:beetroot_seeds":10,"minecraft:peony":31,"minecraft:pink_tulip":1,"minecraft:mutton":1,"minecraft:white_wool":2,"minecraft:oxeye_daisy":11,"minecraft:clock":1,"minecraft:crimson_stem":1,"minecraft:salmon":6,"minecraft:leather":3,"minecraft:filled_map":1,"minecraft:crimson_fungus":1,"minecraft:oak_log":31,"minecraft:lily_pad":2,"minecraft:cobblestone_wall":12,"minecraft:nether_wart_block":6,"minecraft:golden_boots":2,"minecraft:yellow_bed":2,"minecraft:gunpowder":1,"minecraft:cobblestone_stairs":7,"minecraft:blue_bed":11,"minecraft:red_carpet":7,"minecraft:stone_pickaxe":2,"minecraft:iron_sword":2,"minecraft:warped_fungus":2,"minecraft:pumpkin":55,"minecraft:quartz":15,"minecraft:dandelion":40,"minecraft:spyglass":1,"minecraft:dripstone_block":19,"minecraft:gravel":16,"minecraft:spruce_sapling":4,"minecraft:white_bed":9,"minecraft:spruce_log":44,"minecraft:spider_eye":3,"minecraft:spruce_door":2,"minecraft:leather_helmet":1,"minecraft:stone_axe":2,"minecraft:iron_helmet":1,"minecraft:cherry_sapling":3,"minecraft:baked_potato":7,"minecraft:mangrove_propagule":2,"minecraft:coal":307,"minecraft:ender_pearl":1,"minecraft:sunflower":60},"minecraft:killed":{"minecraft:spider":1,"minecraft:bee":2,"minecraft:chicken":4,"minecraft:silverfish":2,"minecraft:pig":2,"minecraft:salmon":6,"minecraft:sheep":1,"minecraft:zombie":5,"minecraft:stray":1,"minecraft:cow":1,"minecraft:horse":1,"minecraft:husk":2}},"DataVersion":3953}