{"stats":{"minecraft:broken":{"minecraft:iron_shovel":3,"minecraft:iron_boots":1,"minecraft:iron_chestplate":1,"minecraft:iron_leggings":1,"minecraft:stone_axe":1,"minecraft:iron_sword":1,"minecraft:stone_shovel":1,"minecraft:stone_hoe":1,"minecraft:shield":2,"minecraft:golden_axe":1,"minecraft:iron_axe":1,"minecraft:iron_pickaxe":1,"minecraft:iron_helmet":1},"minecraft:mined":{"minecraft:large_amethyst_bud":2,"minecraft:spruce_planks":2,"minecraft:stone_pressure_plate":1,"minecraft:white_bed":7,"minecraft:farmland":16,"minecraft:fire_coral_wall_fan":1,"minecraft:sculk_vein":2,"minecraft:cherry_log":46,"minecraft:cobblestone_stairs":3,"minecraft:potted_cactus":1,"minecraft:brewing_stand":1,"minecraft:obsidian":10,"minecraft:granite":4,"minecraft:budding_amethyst":3,"minecraft:red_sand":4,"minecraft:grass_block":408,"minecraft:yellow_carpet":3,"minecraft:bubble_coral_fan":1,"minecraft:tube_coral_block":1,"minecraft:composter":20,"minecraft:crimson_fungus":1,"minecraft:oxeye_daisy":1,"minecraft:chiseled_stone_bricks":1,"minecraft:weeping_vines_plant":1,"minecraft:smooth_stone":8,"minecraft:tall_seagrass":9,"minecraft:magma_block":1,"minecraft:iron_ore":74,"minecraft:fire":5,"minecraft:cobbled_deepslate":7,"minecraft:pumpkin":6,"minecraft:deepslate_lapis_ore":4,"minecraft:fletching_table":4,"minecraft:azure_bluet":1,"minecraft:water_cauldron":2,"minecraft:flowering_azalea_leaves":1,"minecraft:dirt_path":35,"minecraft:iron_bars":3,"minecraft:small_amethyst_bud":5,"minecraft:oak_stairs":35,"minecraft:deepslate_brick_stairs":1,"minecraft:spruce_slab":1,"minecraft:deepslate_redstone_ore":24,"minecraft:cut_sandstone":6,"minecraft:brown_mushroom":7,"minecraft:red_bed":2,"minecraft:kelp_plant":14,"minecraft:medium_amethyst_bud":4,"minecraft:crimson_nylium":4,"minecraft:smoker":3,"minecraft:soul_lantern":4,"minecraft:amethyst_cluster":12,"minecraft:orange_terracotta":1,"minecraft:clay":2,"minecraft:torch":22,"minecraft:blast_furnace":11,"minecraft:calcite":3,"minecraft:poppy":2,"minecraft:chest":19,"minecraft:dead_bush":1,"minecraft:mushroom_stem":9,"minecraft:cobblestone":61,"minecraft:oak_planks":4,"minecraft:sugar_cane":61,"minecraft:grindstone":1,"minecraft:iron_door":3,"minecraft:wall_torch":21,"minecraft:amethyst_block":25,"minecraft:pink_petals":15,"minecraft:seagrass":14,"minecraft:cherry_fence":53,"minecraft:blue_terracotta":1,"minecraft:nether_wart_block":4,"minecraft:mud":1,"minecraft:wheat":381,"minecraft:pumpkin_stem":1,"minecraft:warped_fungus":1,"minecraft:tnt":9,"minecraft:potted_poppy":1,"minecraft:copper_block":1,"minecraft:oak_log":48,"minecraft:beetroots":8,"minecraft:sand":39,"minecraft:dirt":370,"minecraft:deepslate_tiles":1,"minecraft:smooth_basalt":1,"minecraft:red_mushroom_block":45,"minecraft:stonecutter":7,"minecraft:netherrack":29,"minecraft:oak_leaves":11,"minecraft:horn_coral_block":1,"minecraft:deepslate":155,"minecraft:nether_gold_ore":7,"minecraft:crying_obsidian":5,"minecraft:tuff":5,"minecraft:red_carpet":2,"minecraft:mossy_cobblestone":2,"minecraft:deepslate_diamond_ore":25,"minecraft:oak_door":2,"minecraft:cherry_sapling":12,"minecraft:mangrove_roots":1,"minecraft:sea_lantern":1,"minecraft:glow_lichen":1,"minecraft:spruce_fence":2,"minecraft:crimson_roots":1,"minecraft:brown_mushroom_block":39,"minecraft:spruce_leaves":3,"minecraft:kelp":3,"minecraft:cartography_table":1,"minecraft:infested_chiseled_stone_bricks":1,"minecraft:sandstone":30,"minecraft:mangrove_propagule":1,"minecraft:cherry_wall_sign":2,"minecraft:large_fern":3,"minecraft:hay_block":28,"minecraft:redstone_ore":4,"minecraft:furnace":21,"minecraft:carrots":300,"minecraft:chiseled_sandstone":1,"minecraft:snow":34,"minecraft:suspicious_sand":2,"minecraft:andesite":11,"minecraft:stripped_spruce_log":4,"minecraft:gold_block":1,"minecraft:bell":1,"minecraft:potatoes":169,"minecraft:shroomlight":2,"minecraft:deepslate_iron_ore":41,"minecraft:lantern":13,"minecraft:brain_coral_wall_fan":1,"minecraft:packed_ice":2,"minecraft:cherry_fence_gate":5,"minecraft:stone":217,"minecraft:smithing_table":4,"minecraft:oak_slab":6,"minecraft:glass_pane":2,"minecraft:infested_stone_bricks":2,"minecraft:dandelion":7,"minecraft:oak_fence":3,"minecraft:crafting_table":23,"minecraft:short_grass":184,"minecraft:emerald_ore":2,"minecraft:rose_bush":3,"minecraft:sculk_sensor":14,"minecraft:campfire":1,"minecraft:copper_ore":17,"minecraft:tall_grass":10,"minecraft:lapis_ore":10,"minecraft:deepslate_gold_ore":27,"minecraft:sculk":29,"minecraft:diorite":27,"minecraft:blue_bed":7,"minecraft:coarse_dirt":5,"minecraft:sea_pickle":19,"minecraft:redstone_torch":2,"minecraft:sweet_berry_bush":8,"minecraft:ice":1,"minecraft:white_carpet":7,"minecraft:spruce_log":19,"minecraft:mangrove_leaves":1,"minecraft:bee_nest":2,"minecraft:coal_ore":165,"minecraft:gravel":5,"minecraft:cherry_leaves":12,"minecraft:sunflower":18,"minecraft:dripstone_block":11,"minecraft:terracotta":1,"minecraft:polished_andesite":1,"minecraft:spruce_fence_gate":3,"minecraft:stone_bricks":5},"minecraft:killed_by":{"minecraft:creeper":2,"minecraft:zombie":6,"minecraft:husk":1,"minecraft:player":1,"minecraft:spider":2,"minecraft:enderman":1,"minecraft:iron_golem":7,"minecraft:bee":1,"minecraft:warden":7,"minecraft:skeleton":2},"minecraft:custom":{"minecraft:animals_bred":270,"minecraft:interact_with_crafting_table":147,"minecraft:bell_ring":65,"minecraft:eat_cake_slice":4,"minecraft:leave_game":11,"minecraft:time_since_death":11969,"minecraft:sprint_one_cm":1877420,"minecraft:damage_blocked_by_shield":5746,"minecraft:drop":226,"minecraft:talked_to_villager":33,"minecraft:play_time":1013718,"minecraft:deaths":40,"minecraft:jump":11307,"minecraft:walk_on_water_one_cm":181532,"minecraft:interact_with_furnace":249,"minecraft:interact_with_cartography_table":1,"minecraft:sleep_in_bed":34,"minecraft:damage_dealt":32040,"minecraft:player_kills":8,"minecraft:crouch_one_cm":200102,"minecraft:interact_with_smoker":2,"minecraft:interact_with_smithing_table":4,"minecraft:inspect_dispenser":2,"minecraft:horse_one_cm":13370,"minecraft:mob_kills":331,"minecraft:climb_one_cm":13613,"minecraft:walk_one_cm":3126413,"minecraft:sneak_time":59133,"minecraft:walk_under_water_one_cm":308912,"minecraft:boat_one_cm":173700,"minecraft:interact_with_blast_furnace":115,"minecraft:total_world_time":1013718,"minecraft:pot_flower":2,"minecraft:interact_with_grindstone":1,"minecraft:time_since_rest":12001,"minecraft:damage_taken":18794,"minecraft:swim_one_cm":538583,"minecraft:fly_one_cm":2494760,"minecraft:open_chest":666,"minecraft:aviate_one_cm":507287,"minecraft:fall_one_cm":261105},"minecraft:used":{"minecraft:cherry_sapling":33,"minecraft:blue_terracotta":26,"minecraft:iron_shovel":768,"minecraft:dead_horn_coral_block":1,"minecraft:elytra":1,"minecraft:shield":136,"minecraft:chest":26,"minecraft:iron_sword":457,"minecraft:bell":1,"minecraft:rotten_flesh":4,"minecraft:carrot":317,"minecraft:tuff":3,"minecraft:snowball":16,"minecraft:obsidian":8,"minecraft:milk_bucket":3,"minecraft:spruce_boat":4,"minecraft:lava_bucket":6,"minecraft:lantern":9,"minecraft:item_frame":2,"minecraft:bow":15,"minecraft:magma_block":1,"minecraft:redstone_lamp":1,"minecraft:furnace":19,"minecraft:egg":781,"minecraft:potato":57,"minecraft:armadillo_spawn_egg":2,"minecraft:diorite":4,"minecraft:oak_planks":19,"minecraft:stone_pickaxe":21,"minecraft:wooden_pickaxe":34,"minecraft:sugar_cane":87,"minecraft:composter":5,"minecraft:parrot_spawn_egg":17,"minecraft:blue_bed":3,"minecraft:sand":2,"minecraft:blast_furnace":10,"minecraft:ochre_froglight":4,"minecraft:dripstone_block":1,"minecraft:shears":5,"minecraft:firework_rocket":37,"minecraft:crying_obsidian":3,"minecraft:stone_button":4,"minecraft:bread":79,"minecraft:cherry_sign":8,"minecraft:iron_door":5,"minecraft:smithing_table":2,"minecraft:experience_bottle":3,"minecraft:cooked_rabbit":1,"minecraft:oak_fence":3,"minecraft:bone_meal":289,"minecraft:rose_bush":2,"minecraft:stone_sword":110,"minecraft:dead_tube_coral_block":1,"minecraft:flint_and_steel":6,"minecraft:stone_shovel":131,"minecraft:spruce_planks":14,"minecraft:cooked_salmon":4,"minecraft:stone_hoe":149,"minecraft:cooked_chicken":21,"minecraft:netherrack":23,"minecraft:torch":225,"minecraft:dirt":855,"minecraft:spyglass":59,"minecraft:salmon_bucket":1,"minecraft:spruce_fence":1,"minecraft:iron_axe":326,"minecraft:oak_stairs":46,"minecraft:cherry_fence_gate":9,"minecraft:cherry_fence":191,"minecraft:cobbled_deepslate":55,"minecraft:golden_axe":75,"minecraft:wheat_seeds":314,"minecraft:cooked_mutton":1,"minecraft:water_bucket":47,"minecraft:amethyst_block":18,"minecraft:glass_bottle":1,"minecraft:baked_potato":19,"minecraft:copper_block":1,"minecraft:cut_sandstone":2,"minecraft:brown_mushroom":1,"minecraft:fletching_table":2,"minecraft:spruce_fence_gate":9,"minecraft:stonecutter":1,"minecraft:salmon":1,"minecraft:crafting_table":24,"minecraft:oak_slab":54,"minecraft:red_bed":2,"minecraft:white_bed":4,"minecraft:cake":1,"minecraft:smoker":1,"minecraft:oak_log":33,"minecraft:flower_pot":1,"minecraft:diamond_pickaxe":983,"minecraft:iron_pickaxe":256,"minecraft:map":10,"minecraft:stone_axe":106,"minecraft:pink_petals":26,"minecraft:pink_bed":2,"minecraft:cherry_stairs":2,"minecraft:cobblestone":189,"minecraft:cooked_porkchop":30,"minecraft:bucket":56,"minecraft:dandelion":4},"minecraft:crafted":{"minecraft:oak_planks":187,"minecraft:pink_bed":2,"minecraft:cooked_chicken":104,"minecraft:stone":4,"minecraft:cooked_mutton":1,"minecraft:cake":1,"minecraft:quartz_block":3,"minecraft:bow":2,"minecraft:iron_boots":2,"minecraft:copper_block":8,"minecraft:chest":20,"minecraft:iron_door":3,"minecraft:stone_hoe":2,"minecraft:cherry_fence":141,"minecraft:cooked_rabbit":2,"minecraft:item_frame":1,"minecraft:oak_slab":54,"minecraft:arrow":28,"minecraft:cooked_porkchop":34,"minecraft:crafting_table":5,"minecraft:spruce_planks":120,"minecraft:wooden_pickaxe":1,"minecraft:iron_helmet":1,"minecraft:baked_potato":20,"minecraft:copper_ingot":80,"minecraft:gold_block":5,"minecraft:emerald_block":1,"minecraft:iron_chestplate":4,"minecraft:diamond_pickaxe":2,"minecraft:cherry_sign":6,"minecraft:shield":5,"minecraft:stick":268,"minecraft:iron_ingot":200,"minecraft:iron_pickaxe":2,"minecraft:iron_block":12,"minecraft:stone_sword":2,"minecraft:gold_ingot":38,"minecraft:spruce_fence_gate":6,"minecraft:shears":1,"minecraft:cherry_planks":396,"minecraft:stone_shovel":2,"minecraft:spyglass":2,"minecraft:furnace":2,"minecraft:stone_button":4,"minecraft:bone_meal":33,"minecraft:pink_dye":3,"minecraft:diamond_block":2,"minecraft:flint_and_steel":1,"minecraft:iron_axe":3,"minecraft:cherry_stairs":4,"minecraft:stone_pickaxe":3,"minecraft:spruce_boat":3,"minecraft:redstone_block":16,"minecraft:cherry_fence_gate":4,"minecraft:wheat":252,"minecraft:cooked_beef":22,"minecraft:coal_block":23,"minecraft:sugar":2,"minecraft:iron_sword":3,"minecraft:cooked_salmon":7,"minecraft:leather_helmet":2,"minecraft:bucket":3,"minecraft:glowstone":10,"minecraft:stone_axe":2,"minecraft:amethyst_block":1,"minecraft:bread":84,"minecraft:air":0,"minecraft:oak_stairs":40,"minecraft:iron_shovel":4,"minecraft:iron_leggings":4,"minecraft:torch":268,"minecraft:lapis_block":11},"minecraft:dropped":{"minecraft:iron_sword":2,"minecraft:baked_potato":7,"minecraft:crafting_table":2,"minecraft:leather":4,"minecraft:fletching_table":1,"minecraft:leather_helmet":1,"minecraft:emerald":1,"minecraft:dirt":84,"minecraft:cornflower":3,"minecraft:seagrass":6,"minecraft:cut_sandstone":1,"minecraft:snowball":63,"minecraft:gold_nugget":1,"minecraft:sunflower":17,"minecraft:sand":36,"minecraft:iron_pickaxe":1,"minecraft:bone":2,"minecraft:gravel":6,"minecraft:stone_axe":1,"minecraft:spyglass":1,"minecraft:mangrove_roots":3,"minecraft:cobbled_deepslate":7,"minecraft:pointed_dripstone":2,"minecraft:rotten_flesh":33,"minecraft:white_bed":1,"minecraft:carrot":6,"minecraft:poppy":6,"minecraft:gunpowder":9,"minecraft:charcoal":4,"minecraft:spruce_slab":1,"minecraft:arrow":22,"minecraft:beef":1,"minecraft:firework_rocket":1,"minecraft:egg":400,"minecraft:stone_hoe":1,"minecraft:golden_boots":1,"minecraft:bread":52,"minecraft:stripped_spruce_log":1,"minecraft:wheat_seeds":123,"minecraft:clock":1,"minecraft:dripstone_block":8,"minecraft:mangrove_propagule":1,"minecraft:golden_axe":1,"minecraft:iron_helmet":1,"minecraft:cobblestone":78,"minecraft:amethyst_block":11,"minecraft:granite":3,"minecraft:spruce_door":1,"minecraft:coal":69,"minecraft:stick":17,"minecraft:oxeye_daisy":2,"minecraft:diorite":22,"minecraft:torch":2,"minecraft:nether_wart_block":4,"minecraft:iron_leggings":3,"minecraft:armadillo_scute":3,"minecraft:iron_axe":1,"minecraft:mud":1,"minecraft:smooth_stone":8,"minecraft:iron_shovel":1,"minecraft:paper":4,"minecraft:pink_petals":24,"minecraft:bucket":2,"minecraft:dandelion":2,"minecraft:smooth_basalt":1,"minecraft:furnace":10,"minecraft:kelp":9,"minecraft:coarse_dirt":5,"minecraft:stone_sword":2,"minecraft:tuff":1,"minecraft:raw_iron":5,"minecraft:stone_shovel":1,"minecraft:white_carpet":2,"minecraft:iron_boots":2,"minecraft:pumpkin_seeds":3,"minecraft:filled_map":1,"minecraft:muddy_mangrove_roots":1,"minecraft:hay_block":28,"minecraft:spruce_boat":1,"minecraft:shield":4,"minecraft:orange_terracotta":3,"minecraft:spruce_planks":50,"minecraft:diamond_pickaxe":2,"minecraft:iron_chestplate":3,"minecraft:andesite":14,"minecraft:redstone_torch":2,"minecraft:spider_eye":2,"minecraft:bow":2,"minecraft:sandstone":3,"minecraft:red_sand":4,"minecraft:stone_pickaxe":2,"minecraft:wooden_pickaxe":1},"minecraft:picked_up":{"minecraft:seagrass":6,"minecraft:iron_chestplate":1,"minecraft:wheat":209,"minecraft:flower_pot":1,"minecraft:smithing_table":11,"minecraft:oak_stairs":27,"minecraft:brewing_stand":2,"minecraft:amethyst_block":34,"minecraft:string":24,"minecraft:dead_tube_coral_block":1,"minecraft:raw_copper":80,"minecraft:shroomlight":5,"minecraft:deepslate_tiles":1,"minecraft:sea_pickle":54,"minecraft:smooth_stone":8,"minecraft:red_sand":4,"minecraft:gold_nugget":127,"minecraft:cobbled_deepslate":119,"minecraft:bucket":2,"minecraft:spruce_planks":76,"minecraft:rose_bush":19,"minecraft:redstone_torch":8,"minecraft:calcite":2,"minecraft:iron_pickaxe":5,"minecraft:iron_boots":1,"minecraft:furnace":40,"minecraft:stick":28,"minecraft:composter":41,"minecraft:oak_fence":3,"minecraft:torch":49,"minecraft:porkchop":33,"minecraft:cherry_log":99,"minecraft:pointed_dripstone":8,"minecraft:diorite":27,"minecraft:deepslate_tile_stairs":1,"minecraft:cauldron":10,"minecraft:stone_sword":7,"minecraft:rotten_flesh":63,"minecraft:armadillo_scute":22,"minecraft:red_tulip":18,"minecraft:mangrove_roots":3,"minecraft:obsidian":20,"minecraft:iron_bars":3,"minecraft:snowball":135,"minecraft:cobblestone":425,"minecraft:pink_petals":76,"minecraft:magma_block":1,"minecraft:muddy_mangrove_roots":1,"minecraft:feather":166,"minecraft:iron_door":3,"minecraft:water_bucket":1,"minecraft:andesite":15,"minecraft:copper_block":1,"minecraft:smoker":8,"minecraft:potato":331,"minecraft:flint":7,"minecraft:tuff":10,"minecraft:cherry_fence":52,"minecraft:lapis_lazuli":102,"minecraft:dirt":927,"minecraft:lantern":13,"minecraft:bone":19,"minecraft:bow":1,"minecraft:stonecutter":24,"minecraft:wheat_seeds":765,"minecraft:raw_gold":35,"minecraft:bell":1,"minecraft:grindstone":1,"minecraft:fletching_table":5,"minecraft:rabbit":2,"minecraft:glowstone_dust":42,"minecraft:oak_planks":5,"minecraft:honeycomb":15,"minecraft:poisonous_potato":1,"minecraft:sand":40,"minecraft:stripped_spruce_log":1,"minecraft:mossy_cobblestone":4,"minecraft:spruce_fence_gate":3,"minecraft:blue_terracotta":1,"minecraft:yellow_carpet":3,"minecraft:soul_lantern":3,"minecraft:diamond":45,"minecraft:spruce_boat":2,"minecraft:granite":4,"minecraft:bone_meal":1,"minecraft:golden_apple":3,"minecraft:emerald":11,"minecraft:golden_horse_armor":1,"minecraft:bread":45,"minecraft:netherrack":56,"minecraft:crimson_roots":7,"minecraft:diamond_pickaxe":1,"minecraft:crafting_table":24,"minecraft:charcoal":4,"minecraft:mud":1,"minecraft:coarse_dirt":5,"minecraft:splash_potion":3,"minecraft:chicken":156,"minecraft:brown_mushroom":39,"minecraft:gold_block":4,"minecraft:dead_horn_coral_block":1,"minecraft:shield":5,"minecraft:cornflower":5,"minecraft:red_bed":2,"minecraft:flint_and_steel":1,"minecraft:item_frame":1,"minecraft:white_carpet":2,"minecraft:iron_shovel":1,"minecraft:cartography_table":5,"minecraft:beef":30,"minecraft:iron_nugget":7,"minecraft:poppy":8,"minecraft:spruce_slab":3,"minecraft:chest":21,"minecraft:sugar_cane":134,"minecraft:egg":1196,"minecraft:raw_iron":176,"minecraft:sandstone":3,"minecraft:oak_door":2,"minecraft:spruce_fence":2,"minecraft:fire_charge":1,"minecraft:carrot":932,"minecraft:redstone":213,"minecraft:prismarine_crystals":3,"minecraft:stone_pressure_plate":1,"minecraft:cherry_fence_gate":5,"minecraft:tnt":9,"minecraft:arrow":32,"minecraft:stone_shovel":5,"minecraft:beetroot_seeds":49,"minecraft:peony":14,"minecraft:hay_block":56,"minecraft:gold_ingot":16,"minecraft:mutton":1,"minecraft:oxeye_daisy":13,"minecraft:clock":1,"minecraft:glow_ink_sac":10,"minecraft:crimson_stem":1,"minecraft:salmon":18,"minecraft:cut_sandstone":3,"minecraft:leather":17,"minecraft:red_mushroom":26,"minecraft:filled_map":1,"minecraft:crimson_fungus":3,"minecraft:oak_log":49,"minecraft:nether_wart_block":10,"minecraft:gunpowder":17,"minecraft:cobblestone_stairs":2,"minecraft:blue_bed":4,"minecraft:paper":12,"minecraft:orange_terracotta":3,"minecraft:red_carpet":1,"minecraft:apple":25,"minecraft:kelp":73,"minecraft:iron_ingot":69,"minecraft:stone_pickaxe":1,"minecraft:cherry_sign":2,"minecraft:glass_bottle":3,"minecraft:iron_sword":1,"minecraft:book":2,"minecraft:oak_slab":5,"minecraft:smooth_basalt":2,"minecraft:warped_fungus":4,"minecraft:pumpkin":19,"minecraft:quartz":15,"minecraft:dandelion":19,"minecraft:dripstone_block":26,"minecraft:gravel":7,"minecraft:lava_bucket":6,"minecraft:amethyst_shard":48,"minecraft:spruce_sapling":7,"minecraft:blast_furnace":13,"minecraft:white_bed":7,"minecraft:spruce_log":76,"minecraft:crying_obsidian":9,"minecraft:spruce_door":1,"minecraft:spider_eye":8,"minecraft:pumpkin_seeds":6,"minecraft:stone_axe":5,"minecraft:iron_helmet":3,"minecraft:cherry_sapling":33,"minecraft:baked_potato":3,"minecraft:mangrove_propagule":1,"minecraft:coal":631,"minecraft:sunflower":56,"minecraft:ender_pearl":1},"minecraft:killed":{"minecraft:spider":17,"minecraft:skeleton":20,"minecraft:bee":6,"minecraft:chicken":165,"minecraft:turtle":3,"minecraft:piglin":3,"minecraft:parrot":7,"minecraft:pig":15,"minecraft:zombie_villager":2,"minecraft:salmon":12,"minecraft:iron_golem":5,"minecraft:creeper":4,"minecraft:zombie":40,"minecraft:glow_squid":5,"minecraft:cow":13,"minecraft:armadillo":1,"minecraft:drowned":3,"minecraft:husk":2,"minecraft:rabbit":1,"minecraft:hoglin":2,"minecraft:polar_bear":1,"minecraft:enderman":2}},"DataVersion":3953}