{"stat.useItem.minecraft.stone":15,"stat.leaveGame":4,"stat.mineBlock.minecraft.yellow_flower":2,"stat.craftItem.minecraft.iron_axe":2,"stat.jump":1208,"stat.swimOneCm":2260,"stat.fallOneCm":23435,"stat.climbOneCm":18466,"achievement.buildWorkBench":4,"stat.useItem.minecraft.stone_axe":90,"stat.crouchOneCm":32313,"achievement.killCow":1,"stat.craftItem.minecraft.torch":64,"stat.craftItem.minecraft.chest":4,"stat.craftItem.minecraft.iron_ingot":96,"stat.useItem.minecraft.dirt":16,"stat.craftItem.minecraft.iron_helmet":2,"achievement.exploreAllBiomes":{"value":0,"progress":["Jungle","River","JungleHills"]},"stat.useItem.minecraft.cooked_chicken":4,"stat.craftItem.minecraft.furnace":4,"stat.craftItem.minecraft.stone_axe":3,"stat.craftItem.minecraft.iron_boots":2,"stat.mineBlock.minecraft.melon_block":16,"stat.craftItem.minecraft.stone_pickaxe":6,"stat.mineBlock.minecraft.torch":5,"stat.mineBlock.minecraft.furnace":4,"stat.mineBlock.minecraft.red_flower":1,"stat.useItem.minecraft.wooden_pickaxe":38,"stat.useItem.minecraft.furnace":8,"stat.craftItem.minecraft.cooked_beef":10,"stat.craftItem.minecraft.stone_sword":1,"stat.flyOneCm":58812,"achievement.buildPickaxe":11,"stat.killEntity.Witch":1,"stat.useItem.minecraft.stone_pickaxe":175,"stat.useItem.minecraft.cooked_beef":4,"stat.useItem.minecraft.stone_sword":37,"stat.craftItem.minecraft.iron_leggings":2,"stat.damageDealt":3920,"stat.killEntity.Rabbit":1,"achievement.buildBetterPickaxe":9,"stat.mineBlock.minecraft.iron_ore":52,"stat.timeSinceDeath":19275,"stat.killEntity.Cow":4,"stat.mineBlock.minecraft.dirt":18,"stat.useItem.minecraft.crafting_table":7,"stat.craftItem.minecraft.wooden_pickaxe":2,"stat.craftItem.minecraft.iron_sword":2,"stat.walkOneCm":493301,"stat.craftItem.minecraft.bed":2,"stat.useItem.minecraft.torch":38,"stat.playerKills":2,"stat.useItem.minecraft.chest":2,"stat.mineBlock.minecraft.vine":11,"stat.craftItem.minecraft.crafting_table":2,"stat.mineBlock.minecraft.coal_ore":43,"stat.breakItem.minecraft.stone_pickaxe":1,"stat.useItem.minecraft.melon":1,"stat.craftItem.minecraft.iron_chestplate":2,"achievement.buildSword":5,"achievement.mineWood":6,"stat.sprintOneCm":77542,"stat.craftItem.minecraft.stick":60,"stat.killEntity.Skeleton":1,"stat.useItem.minecraft.bed":2,"achievement.openInventory":111,"stat.craftItem.minecraft.planks":88,"stat.useItem.minecraft.iron_sword":4,"stat.killEntity.Chicken":5,"stat.mineBlock.minecraft.crafting_table":5,"stat.useItem.minecraft.jungle_door":1,"stat.mobKills":23,"stat.mineBlock.minecraft.log":3,"stat.craftItem.minecraft.cooked_chicken":7,"achievement.killEnemy":4,"achievement.buildFurnace":8,"stat.deaths":3,"achievement.acquireIron":22,"stat.drop":12,"stat.mineBlock.minecraft.leaves":63,"stat.playOneMinute":111311,"stat.killEntity.Sheep":8,"stat.craftItem.minecraft.iron_pickaxe":2,"stat.killEntity.Zombie":2,"stat.mineBlock.minecraft.stone":110,"stat.mineBlock.minecraft.tallgrass":37,"stat.craftItem.minecraft.cooked_mutton":23,"stat.diveOneCm":1750,"stat.craftItem.minecraft.jungle_door":3}