{"stat.walkOneCm":196472,"stat.playerKills":2,"stat.leaveGame":1,"stat.mineBlock.minecraft.vine":3,"stat.mineBlock.minecraft.coal_ore":188,"stat.breakItem.minecraft.stone_pickaxe":1,"stat.useItem.minecraft.melon":7,"stat.jump":672,"stat.swimOneCm":3010,"stat.climbOneCm":20881,"stat.fallOneCm":14443,"stat.useItem.minecraft.planks":1,"stat.useItem.minecraft.stone_axe":57,"stat.crouchOneCm":1359,"achievement.mineWood":22,"stat.sprintOneCm":181,"stat.entityKilledBy.Enderman":1,"achievement.exploreAllBiomes":{"value":0,"progress":["Jungle","River","JungleHills"]},"stat.mineBlock.minecraft.red_mushroom":8,"stat.craftItem.minecraft.stick":4,"achievement.openInventory":71,"stat.craftItem.minecraft.planks":52,"stat.killEntity.Chicken":2,"stat.mineBlock.minecraft.melon_block":4,"stat.mineBlock.minecraft.torch":1,"stat.craftItem.minecraft.stone_pickaxe":1,"stat.useItem.minecraft.wooden_pickaxe":47,"stat.killEntity.Enderman":1,"stat.mobKills":14,"stat.mineBlock.minecraft.log":32,"stat.flyOneCm":3599,"stat.deaths":4,"stat.mineBlock.minecraft.planks":1,"stat.drop":2,"stat.mineBlock.minecraft.leaves":68,"stat.playOneMinute":104991,"stat.killEntity.Sheep":7,"stat.useItem.minecraft.stone_pickaxe":350,"stat.damageDealt":2025,"stat.killEntity.Rabbit":1,"stat.mineBlock.minecraft.iron_ore":44,"stat.killEntity.Zombie":2,"stat.timeSinceDeath":15656,"stat.killEntity.Cow":1,"stat.mineBlock.minecraft.dirt":14,"stat.mineBlock.minecraft.stone":100,"stat.mineBlock.minecraft.tallgrass":7,"stat.diveOneCm":947}